group,Total,Proportional
White,47.9245415,13.6488027
Black,27.2154557,44.1338627
Latino,16.49867,19.3793112
Asian,1.8619628,6.6328822
Native,0.9694806,16.2052936
